{"stats":{"minecraft:killed":{"minecraft:zombie":1},"minecraft:picked_up":{"minecraft:rotten_flesh":1},"minecraft:custom":{"minecraft:jump":86,"minecraft:time_since_rest":15426,"minecraft:play_one_minute":15426,"minecraft:damage_dealt":66,"minecraft:crouch_one_cm":141,"minecraft:leave_game":9,"minecraft:sprint_one_cm":3518,"minecraft:damage_taken":25,"minecraft:time_since_death":15426,"minecraft:walk_one_cm":11230,"minecraft:sneak_time":161,"minecraft:mob_kills":1,"minecraft:fly_one_cm":42851}},"DataVersion":2586}