{
  "minecraft:adventure/root": {
    "criteria": {
      "killed_something": "2024-06-14 18:54:26 +0000"
    },
    "done": true
  },
  "minecraft:adventure/kill_a_mob": {
    "criteria": {
      "minecraft:zombie": "2024-06-14 18:54:26 +0000"
    },
    "done": true
  },
  "minecraft:adventure/kill_all_mobs": {
    "criteria": {
      "minecraft:zombie": "2024-06-14 18:54:26 +0000"
    },
    "done": false
  },
  "minecraft:adventure/adventuring_time": {
    "criteria": {
      "minecraft:badlands_plateau": "2024-06-14 18:55:37 +0000",
      "minecraft:badlands": "2024-06-14 18:23:25 +0000",
      "minecraft:river": "2024-06-14 18:23:04 +0000"
    },
    "done": false
  },
  "DataVersion": 2586
}